"age","months_as_customer","policy_annual_premium","policy_deductable","injury_claim","property_claim","vehicle_claim","number_of_vehicles_involved"
48,328,1406.91,1000,6510,13020,52080,1
42,228,1197.22,2000,780,780,3510,1
29,134,1413.14,2000,7700,3850,23100,3
41,256,1415.74,2000,6340,6340,50720,1
44,228,1583.91,1000,1300,650,4550,1
39,256,1351.1,1000,6410,6410,51280,3
34,137,1333.35,1000,21450,7150,50050,3
37,165,1137.03,1000,9380,9380,32830,3
33,27,1442.99,500,2770,2770,22160,1
42,212,1315.68,500,4700,4700,32900,1
42,235,1253.12,500,7910,15820,63280,1
61,447,1137.16,2000,17680,17680,79560,3
23,60,1215.36,500,4710,9420,42390,1
34,121,936.61,1000,1120,1120,5040,1
38,180,1301.13,2000,4200,8400,33600,1
58,473,1131.4,2000,10520,10520,42080,4
26,70,1199.44,1000,5790,5790,40530,3
31,140,708.64,500,14160,7080,56640,1
37,160,1374.22,500,6630,13260,53040,1
39,196,1475.73,2000,6040,6040,48320,3
62,460,1187.96,1000,0,5240,41920,3
41,217,875.15,2000,0,4730,33110,3
55,370,972.18,2000,17880,5960,47680,3
55,413,1268.79,2000,8180,16360,73620,1
40,237,883.31,1000,7080,14160,56640,1
35,8,1266.92,2000,16500,11000,44000,3
43,257,1322.1,2000,1640,820,6560,1
34,202,848.07,500,1040,520,4160,1
40,224,1291.7,2000,7760,15520,46560,1
45,241,1104.5,2000,14100,14100,63450,1
25,64,954.16,1000,12600,12600,50400,4
37,166,1337.28,2000,7460,7460,52220,3
35,155,1088.34,1000,3310,3310,23170,3
30,114,1558.29,1000,14020,14020,49070,3
37,149,1415.68,500,10800,5400,48600,1
33,147,1334.15,1000,10620,5310,37170,1
28,62,988.45,1000,6020,6020,48160,1
49,289,1222.48,2000,1230,820,3280,1
54,431,1155.55,2000,12460,6230,43610,3
37,199,1262.08,500,10940,10940,38290,1
26,79,1451.62,500,8000,4000,28000,1
34,116,1737.66,500,16180,16180,64720,1
23,37,1475.93,500,5740,5740,40180,3
30,106,538.17,500,5680,5680,39760,1
44,269,1081.08,2000,11280,11280,33840,1
40,265,1454.43,1000,6890,0,48230,3
33,163,1240.47,500,0,14020,63090,3
47,355,1273.7,2000,6280,6280,50240,3
34,175,1123.87,1000,810,810,5670,1
35,192,1245.89,1000,15320,7660,53620,1
59,430,1326.62,2000,16360,8180,57260,3
27,91,1073.83,2000,1320,660,5280,1
39,217,1530.52,1000,430,430,3440,1
40,223,1201.41,500,12820,12820,44870,3
39,195,1393.57,1000,480,480,1680,1
26,22,1276.57,1000,15780,7890,55230,1
56,439,1082.49,500,0,6270,50160,3
32,94,1414.74,1000,300,300,1800,1
39,11,1470.06,2000,7310,7310,51170,1
36,151,870.63,2000,11440,5720,45760,3
34,154,795.23,500,15440,0,54040,3
44,245,1168.2,1000,7380,3690,33210,3
32,119,993.51,1000,5630,11260,39410,1
42,215,1848.81,500,11420,5710,51390,3
42,295,1641.73,2000,6570,6570,45990,3
39,254,1362.87,500,13720,6860,61740,3
31,107,1239.22,500,13800,13800,62100,1
64,478,835.02,500,0,3770,30160,3
30,128,1061.33,1000,12460,6230,49840,1
49,338,1279.08,1000,860,860,2580,1
42,271,1105.49,500,12420,6210,49680,2
41,222,1055.53,2000,6810,6810,47670,1
41,199,895.83,1000,3010,0,27090,1
37,215,1632.93,500,9520,4760,42840,3
40,192,1405.99,1000,9540,4770,28620,3
35,120,1425.54,1000,11380,5690,34140,3
45,270,1038.09,1000,14900,7450,67050,3
47,319,1307.11,500,10860,10860,38010,3
39,194,1489.24,1000,1240,1240,5580,1
38,227,976.67,500,14440,7220,50540,1
31,137,1340.43,2000,10160,10160,30480,3
40,244,1267.81,2000,660,1320,4620,1
29,78,1234.2,1000,750,1500,5250,1
35,200,1318.06,2000,1180,1180,4130,1
48,284,769.95,2000,5540,11080,44320,2
41,275,1514.72,2000,5830,11660,40810,3
34,153,873.64,1000,11400,11400,45600,3
32,134,1612.43,500,11680,11680,40880,1
36,31,1318.24,2000,940,470,3290,1
25,41,1226.83,1000,0,5640,39480,3
29,127,1326.44,2000,10300,10300,46350,2
23,61,1136.83,2000,8940,17880,71520,1
42,207,1322.78,2000,590,590,4720,1
43,219,1483.25,1000,5890,11780,53010,3
42,271,1515.3,500,17040,8520,68160,3
25,80,1075.18,2000,1260,630,5040,1
47,325,1690.27,1000,6630,6630,59670,1
25,29,1352.83,2000,7210,7210,50470,4
48,295,1148.73,1000,900,900,3600,1
42,239,969.5,1000,700,700,4200,1
41,269,1463.82,500,15860,15860,47580,1
27,80,1474.17,1000,10560,5280,36960,1
41,279,1497.35,500,0,3600,25200,3
33,165,1427.14,1000,330,330,2310,1
54,350,1495.1,500,15580,7790,70110,3
49,295,1141.62,500,480,480,3360,1
61,464,1125.37,1000,6650,19950,53200,3
28,118,1207.36,2000,7420,14840,51940,2
47,298,1338.5,2000,10860,10860,48870,1
31,87,1074.07,1000,5540,11080,44320,3
42,261,1337.56,500,7470,14940,52290,1
60,453,1298.91,500,14000,7000,49000,1
41,210,1222.75,500,14740,14740,51590,3
32,168,1059.52,1000,14430,9620,33670,2
51,390,1124.38,2000,1180,1180,4720,1
46,258,1110.37,1000,4770,9540,33390,3
31,107,1374.22,2000,9320,9320,32620,1
41,225,1103.58,2000,6400,12800,51200,3
38,164,1269.76,2000,18000,9000,63000,1
39,245,964.79,500,13240,6620,52960,3
41,255,1167.3,2000,13860,13860,41580,1
36,206,1625.45,500,12760,12760,51040,1
38,203,1394.43,500,0,6160,49280,1
25,22,1053.24,2000,8570,17140,51420,4
35,211,1040.75,500,7000,7000,28000,1
39,206,1302.4,1000,3300,9900,23100,3
38,166,1588.55,2000,5760,5760,28800,1
32,165,1399.26,500,330,660,2970,1
43,274,1352.31,2000,10640,10640,42560,1
28,81,1139,1000,4970,4970,34790,3
45,280,1397.67,1000,14120,14120,56480,3
39,194,823.17,500,6150,12300,43050,3
27,112,965.13,500,8500,8500,34000,3
33,24,1922.84,1000,4680,9360,32760,1
32,93,1624.82,2000,17360,8680,52080,1
34,171,1277.25,2000,13840,6920,48440,1
40,200,1439.34,1000,410,410,2870,1
28,120,1281.27,1000,6550,6550,52400,3
46,325,1348.83,500,13840,6920,55360,3
32,124,1198.15,1000,12260,12260,49040,3
35,211,1221.22,2000,9460,4730,37840,1
41,287,968.74,2000,470,940,3760,1
34,122,1220.71,1000,1890,1260,5040,1
29,22,1238.62,2000,7080,14160,49560,1
31,106,1320.75,2000,5070,5070,35490,3
58,398,990.98,500,7640,15280,76400,1
41,214,1398.51,500,12800,6400,44800,3
38,209,1355.08,500,4730,4730,37840,1
27,82,1384.51,1000,8960,8960,53760,1
41,193,847.03,500,17280,17280,77760,1
32,134,1000.06,1000,7520,15040,60160,1
45,288,1046.71,1000,10680,5340,32040,3
32,104,1158.03,500,9780,9780,44010,3
54,431,1372.27,1000,10540,10540,42160,3
33,101,1053.04,1000,9040,9040,36160,3
50,375,1275.39,1000,0,0,37280,1
61,461,1402.75,2000,7210,14420,50470,3
59,428,1344.36,500,1300,650,4550,1
38,45,1197.71,1000,13040,13040,52160,3
29,136,1203.24,500,1240,620,4340,1
36,216,1152.4,1000,560,1680,3920,1
48,278,1142.62,2000,11700,11700,52650,1
48,295,1332.07,1000,13240,13240,59580,2
30,112,1166.54,1000,10790,21580,75530,1
34,122,1495.06,500,18180,18180,63630,3
29,108,1337.92,1000,11160,5580,44640,3
28,14,1587.96,2000,12960,12960,45360,1
45,298,1362.29,1000,12800,6400,44800,3
46,276,1448.84,500,660,660,4620,1
37,47,1241.97,2000,670,670,5360,1
42,222,1124.6,500,11940,7960,31840,3
28,119,1079.92,2000,6700,6700,40200,1
29,73,1447.78,1000,4990,4990,34930,3
31,8,1229.16,500,11100,7400,29600,3
44,294,1226.49,1000,610,1220,4270,1
46,324,897.89,2000,15920,15920,47760,1
34,155,1706.79,500,8560,8560,59920,1
45,261,1254.18,1000,11380,11380,39830,1
40,245,885.08,500,13100,13100,58950,1
39,235,1046.58,500,450,900,3600,1
36,53,1712.68,2000,10220,5110,35770,3
54,426,1097.71,2000,16800,16800,67200,1
27,111,1363.77,500,16540,16540,57890,1
26,86,1382.88,500,14880,7440,59520,1
46,296,1141.35,1000,5490,5490,43920,1
35,125,1054.83,500,8060,16120,64480,1
34,177,1057.77,2000,2250,2250,13500,3
39,238,1488.02,2000,1100,550,3850,1
25,81,920.3,500,13440,6720,53760,3
28,128,986.53,1000,18520,18520,64820,1
57,449,1440.68,2000,980,980,3430,1
39,252,1086.21,1000,5610,5610,39270,1
47,359,1367.68,2000,5550,11100,38850,1
32,19,1215.85,1000,1280,640,5120,1
26,73,1191.19,2000,5020,0,35140,3
44,285,1594.45,1000,6960,6960,41760,2
36,196,1463.07,2000,530,530,4240,1
43,223,1734.09,500,650,650,3900,1
48,328,1411.43,500,5940,11880,41580,1
43,285,1512.58,2000,280,280,1960,1
31,30,1153.35,2000,960,960,3840,1
49,342,1722.95,500,7670,7670,61360,1
39,219,1281.07,2000,740,740,4440,1
62,468,1011.92,500,7150,7150,50050,3
39,241,1042.26,2000,4240,2120,12720,3
43,223,1235.1,500,5440,5440,43520,1
32,128,768.91,2000,5980,5980,47840,1
29,124,1301.72,500,7200,7200,57600,3
48,343,1451.54,500,7230,14460,43380,4
53,404,767.14,500,1760,880,6160,1
24,63,1620.89,2000,1020,1020,4080,1
37,210,1048.46,2000,1180,590,5310,1
50,335,1538.26,1000,8580,4290,21450,3
40,11,1217.69,2000,9720,9720,34020,3
33,142,1362.64,2000,6780,13560,61020,1
43,272,1279.13,1000,7370,14740,58960,3
26,69,924.72,2000,5260,10520,47340,1
28,38,1019.44,1000,1440,720,5040,1
46,328,1314.6,500,12780,6390,51120,1
43,281,1515.18,1000,9260,9260,41670,3
44,246,1649.18,2000,11160,5580,44640,1
49,298,1451.01,500,2810,5620,19670,1
50,330,978.46,1000,8920,8920,31220,1
50,362,1198.34,500,6340,6340,44380,3
38,241,1003.23,2000,12980,12980,51920,3
41,245,1212,2000,7350,14700,51450,1
52,371,1242.96,1000,6840,13680,68400,2
52,343,1053.02,1000,12990,4330,30310,1
53,377,1693.63,500,6560,6560,45920,3
37,154,2047.59,1000,14460,7230,57840,1
34,166,1083.72,1000,4880,4880,43920,1
46,298,1138.42,1000,3050,6100,24400,1
42,235,1072.62,500,6910,6910,55280,4
35,172,1219.04,2000,14500,14500,50750,3
28,27,1371.78,2000,5360,10720,37520,3
54,428,1506.21,2000,12760,6380,57420,3
32,99,1058.21,1000,4570,4570,31990,1
26,107,932.14,2000,14300,7150,57200,3
41,272,1608.34,2000,6460,12920,51680,1
37,151,1728.56,1000,3530,3530,31770,1
43,249,1518.46,1000,5350,5350,42800,1
38,177,1540.19,2000,7370,7370,58960,1
40,190,965.21,2000,630,630,5040,1
36,174,1278.75,2000,10900,10900,43600,3
28,95,773.99,1000,640,320,2240,1
51,371,1532.47,1000,7540,15080,52780,1
28,2,1340.56,1000,6460,6460,45220,1
44,269,1297.75,500,15180,15180,68310,3
27,101,433.33,1000,1180,590,4130,1
30,94,1025.54,2000,6410,6410,51280,1
28,117,1264.77,500,5040,10080,40320,2
27,111,1459.97,500,7350,14700,58800,3
40,242,1238.65,500,680,680,6120,1
61,440,1050.76,500,5960,5960,41720,1
23,20,1711.72,1000,5750,11500,46000,3
57,461,865.33,500,9840,9840,39360,3
36,208,1153.49,500,10100,5050,35350,3
43,279,1281.25,2000,6410,12820,38460,1
40,244,1342.8,500,660,660,4620,1
30,134,1443.32,2000,5310,5310,37170,3
29,122,1629.94,1000,350,350,3150,1
31,156,1134.08,2000,5900,5900,47200,1
43,232,1483.91,500,7060,14120,49420,3
40,244,1304.67,2000,5590,11180,44720,3
30,84,1035.79,2000,5240,10480,41920,1
57,394,1401.2,500,1060,1060,4770,1
45,246,1665.45,1000,11840,5920,35520,3
29,35,653.66,2000,15660,7830,54810,3
37,156,1080.13,500,4610,4610,32270,3
36,195,1346.18,2000,12540,6270,50160,3
55,369,1589.54,2000,17060,8530,59710,3
40,271,1251.65,1000,560,280,2240,1
47,332,1083.01,2000,11040,11040,49680,4
26,107,974.59,500,11940,11940,35820,3
39,217,1399.85,2000,10820,10820,43280,3
43,243,1307.74,500,4170,4170,29190,3
42,296,1219.27,2000,7120,7120,49840,3
41,264,1411.3,500,10980,5490,43920,1
33,108,694.45,2000,5850,11700,46800,3
38,32,1006.77,500,14180,7090,49630,3
39,259,1422.36,1000,7760,7760,31040,3
33,186,1348.32,1000,860,860,3010,1
40,201,1315.56,2000,1240,1240,4340,1
58,436,1407.01,2000,11980,5990,41930,1
36,189,1388.58,2000,13260,13260,53040,3
33,105,1310.76,500,12780,6390,51120,1
31,163,1004.63,1000,5810,11620,46480,3
40,219,1134.91,500,640,640,5120,1
25,88,1194,1000,7420,7420,51940,1
39,40,1248.25,1000,1460,1460,5840,1
42,284,1338.54,500,8560,17120,68480,1
40,59,782.23,2000,5730,11460,34380,3
31,39,1366.9,2000,10540,10540,31620,3
34,147,1275.81,1000,15540,15540,69930,1
37,156,1090.65,500,5340,5340,42720,4
31,123,1326,500,12020,12020,48080,1
43,231,972.47,2000,7710,15420,53970,3
39,247,806.31,500,600,0,2700,1
35,194,1416.24,500,1080,540,4320,1
27,119,1097.64,2000,7080,21240,35400,2
43,259,947.75,500,1280,640,5760,1
31,107,1018.73,2000,14420,21630,57680,3
44,48,1400.74,2000,17460,17460,52380,3
40,267,1155.53,500,1260,630,3780,1
47,286,1386.93,500,13160,6580,46060,3
34,175,915.29,500,4080,4080,28560,1
29,111,1239.55,500,4800,9600,38400,1
37,151,1366.42,500,5910,5910,47280,3
37,156,1086.48,1000,14080,7040,56320,3
36,165,1247.87,2000,4570,4570,36560,3
41,253,1312.75,2000,7340,14680,58720,3
26,10,765.64,2000,2850,5700,22800,3
33,158,1327.41,2000,3500,7000,24500,1
59,436,1338.55,1000,13600,6800,47600,3
30,91,1316.63,2000,13000,13000,58500,3
42,256,1286.44,1000,7550,15100,52850,1
46,274,1372.18,1000,15100,15100,60400,3
45,275,1447.77,2000,5360,10720,48240,3
33,1,903.32,500,6340,3170,22190,3
30,85,1454.42,1000,12380,12380,49520,1
37,233,1603.42,2000,13420,6710,60390,1
30,142,1616.58,2000,6360,12720,44520,3
44,266,1611.83,500,3280,3280,26240,1
50,350,889.13,500,9820,4910,29460,3
26,97,1252.08,1000,10080,5040,35280,2
55,399,995.56,2000,17680,8840,61880,3
49,305,1347.92,2000,12100,6050,48400,3
47,276,1724.09,1000,5980,11960,47840,3
40,257,1379.93,500,9420,4710,37680,3
31,78,1554.64,1000,5060,10120,40480,1
28,129,1377.94,1000,9920,4960,29760,1
46,283,1313.33,2000,7060,14120,56480,3
25,85,1259.02,500,940,940,3760,1
26,101,1371.88,1000,580,580,2030,1
30,96,1399.27,500,0,6680,46760,1
31,121,1061.98,1000,7250,7250,50750,1
39,176,1365.46,500,4920,4920,34440,3
37,159,894.4,1000,7810,7810,54670,1
30,120,956.69,500,8710,8710,69680,1
35,212,1123.89,2000,4580,4580,41220,3
45,290,1085.03,500,12960,6480,45360,3
42,299,1437.33,2000,12800,12800,44800,1
26,66,988.29,1000,0,10520,47340,1
47,334,1238.89,500,960,960,4320,1
38,216,1384.64,1000,16650,11100,38850,1
28,86,1595.07,2000,11820,11820,47280,1
56,429,1127.89,1000,6580,6580,26320,1
43,257,929.7,2000,10540,5270,47430,1
34,15,1829.63,1000,12300,6150,49200,3
39,230,904.7,1000,14840,14840,44520,1
43,250,1243.84,1000,12980,12980,38940,1
44,270,1030.95,2000,7180,3590,25130,3
26,65,1285.03,500,5220,10440,36540,1
57,475,1216.56,500,6500,13000,58500,1
27,77,966.26,2000,6720,6720,53760,3
43,256,1203.17,500,11500,5750,46000,1
37,229,1212.12,2000,11460,5730,51570,3
28,110,1573.93,1000,10840,10840,43360,3
33,177,1609.67,1000,20700,13800,48300,1
44,292,1097.57,500,6170,6170,49360,1
61,451,1618.65,2000,15620,7810,54670,3
24,61,922.67,500,9360,9360,46800,3
30,150,1342.02,1000,450,450,3600,1
41,283,1195.01,500,0,6100,36600,3
46,291,994.74,1000,620,620,4340,1
31,162,1050.24,1000,360,720,2520,1
36,154,1313.51,2000,280,280,2240,1
47,289,1102.29,2000,6000,6000,42000,1
19,10,1185.78,1000,4450,8900,35600,1
47,309,1527.95,500,15560,15560,46680,4
57,396,1366.39,1000,11680,5840,35040,3
41,273,1403.9,1000,4010,8020,32080,2
30,129,927.23,2000,13520,6760,54080,1
31,140,1554.86,2000,680,680,4760,1
53,419,736.07,2000,5190,10380,46710,4
44,315,974.16,1000,4860,4860,17010,3
29,72,973.8,500,6620,6620,52960,1
26,32,1260.32,2000,9100,4550,31850,1
41,230,1464.03,1000,4420,4420,44200,3
32,157,617.11,2000,10160,5080,35560,3
41,265,1724.46,2000,4420,4420,35360,3
34,47,1161.31,500,11440,5720,45760,1
29,113,1091.73,2000,5550,5550,38850,3
46,289,1209.07,2000,6270,6270,43890,1
41,254,1241.04,2000,18220,18220,63770,1
30,115,1757.21,500,5460,5460,38220,3
38,236,802.24,1000,16710,5570,44560,1
21,7,1342.72,1000,6940,6940,48580,1
36,208,1209.41,2000,11420,11420,39970,3
33,126,1141.71,1000,6770,6770,40620,1
35,48,1090.03,500,9680,4840,33880,1
48,297,1464.73,1000,5720,5720,40040,3
36,160,1118.58,1000,5170,10340,36190,3
58,406,1117.04,2000,10920,5460,49140,3
31,157,1257.83,500,4770,9540,33390,4
31,146,1082.72,2000,580,580,4060,1
57,409,1191.8,1000,6110,12220,54990,1
46,252,1242.02,1000,14980,7490,52430,1
27,6,1075.71,500,580,290,2320,1
33,103,969.88,1000,12820,6410,57690,1
53,369,1459.93,2000,7090,14180,56720,2
46,261,1245.61,1000,9180,9180,41310,1
33,159,1462.76,2000,8160,4080,32640,3
51,344,1398.46,2000,7530,15060,60240,1
60,437,1269.64,1000,7680,15360,61440,1
30,65,1455.65,500,15960,7980,55860,3
41,280,1140.31,2000,9640,9640,33740,3
45,269,1330.46,500,2200,4400,17600,3
40,275,1190.6,2000,7860,7860,27510,1
45,265,972.5,500,290,580,2320,1
43,283,1161.91,2000,1300,650,3900,1
29,84,1117.17,1000,620,1240,4960,1
44,247,1101.51,2000,11580,11580,46320,3
29,56,1523.17,1000,7880,15760,70920,3
39,210,984.45,1000,780,780,6240,1
32,108,1257,2000,5570,11140,44560,1
49,328,1434.51,500,8930,8930,53580,1
37,186,1628,2000,11120,5560,38920,1
44,277,1412.31,500,1000,500,3500,1
33,138,1362.87,500,14740,14740,66330,1
41,208,1134.68,1000,6930,13860,48510,1
37,147,1306.78,1000,13520,20280,47320,1
21,8,1021.9,500,14040,14040,63180,1
48,297,1538.6,1000,6060,12120,42420,1
31,150,1354.5,1000,6480,12960,45360,3
34,4,1282.93,500,6080,12160,48640,4
35,210,1346.27,1000,5820,5820,46560,1
31,91,1338.4,1000,6730,6730,47110,1
36,167,949.44,1000,8710,8710,52260,3
58,467,977.4,2000,5570,11140,38990,1
47,264,1181.46,2000,5670,5670,51030,4
45,270,1187.53,500,9880,0,44460,3
48,310,845.16,1000,6130,6130,42910,1
34,143,1442.27,500,11700,5850,40950,1
32,146,1276.43,2000,6660,6660,46620,1
28,102,1075.41,500,7340,7340,58720,1
23,61,1111.72,500,4650,4650,32550,1
44,255,814.96,2000,640,1280,4480,1
40,211,1575.86,1000,580,290,2320,1
29,61,1115.27,1000,590,590,4720,1
31,108,1175.7,2000,6370,6370,44590,1
50,303,793.15,500,13660,13660,54640,3
33,152,942.51,500,6400,19200,44800,1
34,120,1056.71,1000,580,580,2610,1
36,144,1255.68,2000,740,1480,5180,1
52,414,1335.13,500,6090,6090,42630,1
37,163,1178.95,500,4940,9880,34580,1
53,352,1793.16,500,12500,6250,50000,1
32,27,1008.38,500,12300,6150,43050,1
39,239,1396.83,500,6990,13980,55920,4
32,33,1402.78,500,6230,12460,37380,1
30,88,1437.88,1000,14000,0,42000,1
33,101,1313.64,1000,780,390,3120,1
37,20,1482.14,500,6750,6750,47250,3
30,126,1171.75,2000,4430,4430,39870,1
43,264,1353.33,2000,17300,17300,60550,3
24,78,1175.51,500,680,680,6120,1
28,123,1836.02,2000,13300,6650,59850,1
51,347,1480.79,500,8630,17260,77670,1
38,163,1453.92,2000,15900,7950,55650,1
44,271,1340.71,500,6930,13860,55440,1
54,410,714.03,2000,9920,9920,39680,1
57,448,1376.16,2000,5970,5970,35820,3
41,218,914.22,500,15380,7690,61520,3
38,43,1601.47,1000,6850,6850,47950,3
33,33,1096.79,1000,8140,8140,65120,1
34,126,1078.22,2000,10620,5310,42480,3
56,411,1595.28,1000,3510,3510,31590,3
37,225,1217.84,1000,9600,9600,38400,3
35,35,1117.42,2000,5910,11820,35460,3
57,460,1567.37,2000,5830,11660,40810,1
38,195,1294.93,2000,7180,0,57440,3
51,360,1152.12,1000,15080,15080,60320,3
49,300,1441.21,1000,1180,1180,4720,1
42,245,1575.74,1000,590,1180,4720,1
36,146,1233.96,2000,5590,5590,44720,3
29,67,1861.43,1000,6380,6380,51040,1
56,380,1570.86,1000,7270,7270,43620,1
53,389,791.47,2000,630,1260,4410,1
46,317,1012.78,1000,19020,19020,66570,1
44,264,1047.06,500,12700,6350,50800,3
21,20,1390.29,1000,12580,6290,44030,1
30,116,951.46,500,6630,6630,46410,3
40,222,1226.78,1000,16300,8150,57050,2
56,439,1280.9,500,15000,5000,30000,1
28,66,1472.77,2000,8780,8780,30730,1
29,128,1878.44,1000,5370,5370,48330,1
24,69,1418.5,500,12660,6330,44310,3
46,294,1532.8,500,11960,11960,41860,1
29,19,1304.35,500,11600,11600,52200,3
33,191,1551.61,2000,250,250,1750,1
39,4,1326.98,1000,4510,9020,40590,3
49,298,862.92,500,11580,11580,46320,3
43,231,1331.69,2000,10300,10300,46350,1
47,338,1486.04,2000,12820,6410,44870,3
46,261,870.55,1000,13380,13380,53520,1
44,321,1344.56,2000,520,0,4160,1
32,0,1377.04,1000,6620,6620,26480,4
58,405,1237.88,500,5780,5780,52020,1
49,304,1525.86,1000,13340,6670,53360,1
29,1,854.58,500,7890,23670,55230,1
39,26,770.76,1000,9960,4980,34860,1
38,202,1132.74,2000,7040,14080,56320,1
48,289,1173.37,500,8580,0,34320,1
26,61,1188.28,2000,11960,5980,35880,2
46,334,876.88,1000,12740,6370,38220,1
24,12,1143.95,1000,5930,5930,41510,3
29,86,1409.06,2000,9680,14520,38720,1
24,83,1070.63,1000,6160,12320,43120,3
30,126,916.13,2000,6180,12360,55620,3
38,209,1191.5,500,8900,8900,62300,1
48,283,1474.66,1000,820,820,4920,1
34,194,1193.45,1000,11760,5880,41160,1
38,184,1437.53,1000,11940,5970,35820,3
60,479,1304.83,2000,5050,10100,45450,1
48,284,1168.8,1000,6500,3250,26000,1
27,65,1164.97,1000,3570,7140,32130,1
39,222,1232.72,1000,14660,14660,58640,3
41,196,1800.76,2000,4780,4780,38240,3
43,253,1187.01,500,640,640,2560,1
43,280,1559.34,1000,14000,7000,56000,1
26,5,1137.02,2000,16020,16020,56070,1
42,220,1281.72,1000,4340,4340,39060,4
30,85,796.35,1000,5360,10720,42880,3
46,266,1270.02,500,480,240,1440,1
26,41,1383.13,1000,530,1060,5300,1
45,316,1290.74,2000,7170,14340,57360,3
47,285,1216.68,1000,300,300,2100,1
54,379,1251.16,500,6330,6330,63300,1
34,15,1586.41,2000,6870,13740,54960,1
48,354,1526.11,2000,15040,15040,60160,1
53,342,1028.44,1000,14720,7360,58880,1
38,169,1555.94,1000,6590,13180,59310,3
49,339,1570.77,2000,1240,620,4960,1
42,259,1170.53,2000,5690,11380,45520,3
23,65,1099.95,1000,6550,6550,39300,1
46,254,1472.43,2000,5780,11560,46240,3
55,440,1275.62,500,6140,6140,49120,3
63,478,1292.3,1000,940,470,3290,1
44,230,1009.37,2000,13480,13480,47180,1
30,138,1093.07,500,6930,13860,62370,1
41,239,1325.44,1000,1660,830,8300,1
31,93,1017.18,2000,8740,8740,30590,3
25,37,1221.17,1000,5670,11340,34020,3
40,254,1927.87,500,0,5410,37870,1
29,131,978.27,1000,15280,7640,53480,1
43,230,1221.14,2000,13720,13720,48020,1
50,313,1255.62,2000,13800,6900,48300,3
38,210,999.52,500,1440,720,6480,1
29,101,1380.89,500,12220,12220,42770,3
37,153,1010.77,500,4250,4250,34000,3
53,337,1205.86,500,14400,7200,64800,1
51,360,1526.61,1000,840,840,2940,1
53,428,1496.44,1000,630,1260,5040,1
40,204,1256.2,500,8340,8340,25020,3
51,364,1268.35,500,14060,14060,49210,1
35,185,1421.59,2000,900,450,3600,1
26,63,1500.04,500,860,860,3440,1
35,210,1433.24,500,2730,2730,19110,3
38,194,1231.25,2000,4880,9760,39040,3
49,294,1135.43,500,3900,3900,35100,3
41,272,945.73,2000,16820,8410,58870,1
27,27,1118.76,2000,6840,6840,47880,1
39,251,1231.98,2000,5530,5530,33180,1
33,180,1005.47,2000,11540,5770,40390,4
50,392,1108.97,2000,16620,16620,74790,1
30,143,1392.39,500,10860,5430,38010,1
54,371,1317.97,2000,5380,5380,21520,3
42,292,1588.22,1000,16920,8460,59220,3
35,165,900.02,500,6970,6970,55760,1
33,158,1744.64,1000,3640,7280,25480,3
39,241,1260.56,1000,4690,4690,28140,3
33,103,1021.14,2000,14380,14380,50330,3
54,402,1285.09,2000,7530,15060,45180,1
32,102,1537.07,500,9480,4740,33180,1
40,182,1022.42,1000,7110,14220,49770,1
46,282,1558.86,2000,13880,6940,48580,1
39,222,1757.87,500,5000,10000,40000,3
52,415,973.5,1000,7860,7860,35370,2
34,51,1430.8,500,6420,19260,38520,1
45,255,1192.27,500,12240,12240,42840,1
31,143,1163.83,500,6920,13840,55360,4
28,130,1003.15,1000,13080,13080,58860,2
41,242,1153.54,2000,12380,12380,43330,3
27,96,1631.1,1000,670,670,4690,1
35,180,1252.48,1000,1020,510,3570,1
30,150,1677.26,1000,510,510,3570,1
59,463,979.73,1000,7240,14480,50680,2
64,472,989.24,500,14180,7090,49630,1
25,75,1389.86,1000,6510,6510,52080,2
40,193,1233.85,500,0,14280,49980,3
43,43,1320.39,500,7270,21810,50890,1
41,253,1435.09,1000,6290,6290,44030,1
30,152,1448.54,500,7690,7690,69210,1
38,160,1733.56,500,7420,14840,44520,3
36,56,1533.07,500,0,6500,52000,1
41,286,1106.77,500,500,500,4000,1
29,3,995.7,500,500,1000,3500,1
41,286,1298.85,1000,6050,12100,36300,3
38,239,1276.73,1000,6880,6880,48160,3
29,64,1202.28,2000,4370,4370,34960,1
31,98,671.92,500,7120,7120,49840,1
35,16,1358.03,1000,10000,10000,35000,1
27,70,1008.79,1000,0,550,3850,1
27,75,1141.1,1000,5970,11940,53730,2
44,246,1397,1000,6860,6860,48020,1
27,110,1664.66,1000,5750,5750,46000,1
39,236,1151.39,1000,870,1740,6090,1
46,267,1546.01,2000,15420,7710,53970,4
57,463,1063.67,500,6600,6600,46200,1
46,303,709.14,1000,9980,4990,39920,3
30,137,1039.55,500,6730,13460,53840,3
42,56,1339.39,500,11180,11180,39130,1
27,75,1202.75,1000,6630,13260,59670,3
33,131,1081.17,2000,490,490,3920,1
34,153,991.39,500,14140,14140,49490,3
43,255,984.02,500,7470,14940,52290,2
26,103,1354.83,500,4060,4060,32480,2
28,97,830.31,1000,10060,10060,25150,1
36,214,987.42,2000,4280,8560,34240,3
57,438,1119.29,500,4070,4070,32560,1
27,87,1048.39,500,6300,3150,25200,1
28,27,1074.47,1000,400,400,2400,1
42,206,1230.76,1000,7180,14360,57440,1
31,127,1255.02,500,560,1120,4480,1
60,422,1555.52,1000,15500,7750,62000,1
50,303,836.11,2000,12140,6070,54630,4
40,228,1450.98,500,1100,1100,3850,1
39,239,625.08,2000,15980,7990,63920,1
47,330,1133.27,2000,11000,5500,44000,2
35,128,1366.6,500,16040,16040,56140,3
37,147,1439.9,1000,9760,4880,39040,2
45,287,1230.69,1000,5380,5380,43040,1
29,142,1307.68,2000,4530,9060,40770,1
35,162,1124.69,2000,9880,4940,39520,1
35,140,1520.78,1000,520,260,2080,1
28,106,1609.11,2000,0,1220,4270,1
45,292,1358.91,1000,670,1340,5360,1
34,34,1295.87,500,5080,5080,40640,3
48,290,1161.03,500,5190,5190,31140,2
38,182,1441.06,2000,8150,16300,65200,1
55,362,1097.99,1000,0,0,39690,3
32,143,1464.42,1000,5660,5660,50940,1
38,183,1543.68,500,9440,4720,37760,1
40,254,1390.89,500,9720,4860,38880,1
43,249,1148.58,2000,5710,5710,45680,3
36,169,1616.26,500,14080,7040,56320,3
40,235,1398.94,500,6830,13660,47810,1
32,112,1238.92,1000,460,920,3680,1
32,16,968.46,1000,6600,13200,39600,3
31,128,1045.12,500,0,15540,54390,3
27,103,1537.33,1000,7770,15540,54390,3
54,356,912.3,500,12500,12500,43750,3
29,109,1007.28,2000,16560,16560,57960,3
20,2,1189.98,1000,4030,8060,36270,1
34,198,1576.41,1000,9500,9500,76000,1
32,107,1172.82,500,780,390,2730,1
39,252,1312.22,500,11880,5940,41580,3
43,303,671.01,1000,6690,6690,46830,1
32,101,895.14,500,8720,4360,30520,1
57,446,1373.21,2000,6280,12560,43960,3
48,330,1625.65,1000,11900,5950,41650,1
37,211,1295.63,2000,5940,5940,41580,3
33,172,1459.96,1000,7580,7580,26530,3
46,316,1219.94,500,6310,12620,44170,1
60,435,1064.49,500,5240,10480,47160,1
51,344,959.83,1000,17400,11600,46400,3
40,204,1767.02,2000,4200,8400,33600,1
47,278,1285.01,500,5850,5850,46800,1
57,434,1422.95,2000,11040,11040,44160,3
36,209,1223.39,2000,8180,8180,49080,3
43,250,1539.06,2000,10700,10700,42800,1
25,61,988.06,2000,4040,4040,24240,3
28,80,1740.57,1000,3720,3720,26040,1
38,25,1540.91,1000,480,960,2880,1
29,4,1381.88,500,840,420,2940,1
29,32,1446.98,500,10540,5270,42160,3
31,125,1220.86,500,0,960,3360,1
45,276,948.1,500,13860,6930,48510,3
30,148,1471.24,500,4060,4060,24360,3
38,222,1157.97,2000,6720,6720,47040,1
38,32,566.11,2000,440,440,1760,1
27,78,1060.88,500,550,1100,4400,1
43,238,1524.45,1000,4270,4270,34160,4
47,313,1556.17,1000,3660,7320,29280,1
50,334,1216.24,500,5000,10000,35000,1
35,190,1484.72,500,640,320,2880,1
41,194,1203.81,500,13700,20550,61650,3
47,290,1393.34,1000,6240,12480,37440,3
42,26,1484.48,1000,5730,11460,45840,1
41,254,1581.27,500,5770,11540,46160,1
38,199,1281.25,1000,8080,4040,32320,1
35,137,1667.83,500,1200,1200,4200,1
36,134,1497.41,1000,9650,9650,57900,3
30,73,803.36,500,0,11400,45600,3
45,289,1221.41,2000,300,300,2100,1
36,176,1865.83,500,4300,8600,34400,1
37,145,1434.27,2000,5010,10020,40080,1
31,164,1114.68,500,480,480,3360,1
38,186,1218.56,2000,11460,5730,51570,3
31,85,1234.69,2000,14880,7440,52080,2
33,162,964.92,500,3530,3530,28240,4
57,396,1351.72,500,480,480,1680,1
41,270,817.28,1000,4630,9260,46300,3
39,168,1389.59,1000,3780,7560,30240,3
45,274,1353.53,1000,11700,0,46800,1
43,263,1294.04,1000,13220,6610,59490,1
33,152,840.81,1000,7510,7510,67590,1
41,46,998.19,2000,13100,19650,45850,3
46,276,1090.32,2000,5710,5710,39970,1
44,234,1780.67,500,7020,7020,56160,1
30,64,1681.01,2000,490,1470,2940,1
62,456,1395.77,1000,5540,11080,49860,3
23,58,1471.44,2000,4580,9160,36640,1
61,475,1265.72,500,9900,9900,44550,1
29,96,1274.7,1000,5540,11080,38780,3
28,99,1330.39,500,4990,9980,34930,1
28,38,1122.95,500,12480,12480,49920,3
44,259,1655.79,2000,16280,16280,73260,1
43,241,935.77,1000,1300,650,5200,1
58,437,1192.04,2000,11160,11160,33480,1
34,130,990.11,500,1060,1060,3710,1
41,269,1422.21,2000,17180,17180,51540,1
29,103,914.85,500,790,1580,4740,1
43,284,1123.84,500,6720,3360,26880,3
39,189,838.02,2000,6440,6440,51520,3
43,267,1300.68,500,480,0,1440,1
22,39,1173.21,500,15660,7830,62640,1
32,140,985.97,1000,14940,7470,59760,1
41,243,1129.23,1000,10060,5030,35210,1
31,116,1194.83,500,4420,8840,30940,1
43,219,1114.29,1000,6060,6060,54540,1
26,96,1509.04,2000,7120,14240,56960,1
34,149,664.86,500,16160,16160,72720,1
43,246,1267.4,1000,5070,5070,40560,1
45,293,1119.23,1000,11380,5690,34140,3
48,339,1698.51,500,8640,8640,34560,3
33,160,1422.78,1000,5280,5280,42240,3
42,224,1212.75,500,9200,13800,32200,1
34,194,1423.34,1000,1400,1400,6300,1
51,385,976.37,1000,13520,6760,47320,3
33,100,1124.59,500,6800,6800,27200,1
50,371,1569.33,1000,13000,13000,58500,3
39,175,1359.36,500,13020,6510,52080,3
55,373,1607.36,500,6060,12120,42420,4
41,258,1042.25,500,6770,20310,54160,3
39,255,1453.95,500,2930,5860,20510,3
31,37,1969.63,500,6950,13900,55600,3
44,322,1156.19,1000,9880,4940,34580,3
38,204,1124.47,2000,16460,16460,57610,1
31,76,1493.5,500,1460,730,5840,1
40,193,1155.38,500,6390,6390,51120,1
55,405,878.19,500,4830,4830,28980,4
58,435,1145.85,2000,9220,4610,27660,3
35,54,1261.28,500,14380,7190,57520,3
35,144,1427.46,500,17580,8790,61530,3
32,92,1592.41,500,5340,5340,42720,1
36,173,1274.63,1000,9460,9460,33110,1
60,436,1362.31,500,14920,7460,59680,1
35,155,919.37,1000,8060,8060,32240,1
31,78,1377.23,1000,5810,11620,34860,3
57,440,995.55,1000,12400,12400,43400,3
43,264,1508.12,500,13500,6750,40500,3
30,66,484.67,500,11920,11920,41720,3
50,366,1561.41,1000,12780,12780,44730,3
37,188,1457.21,500,5000,5000,35000,1
39,224,1128.71,1000,12360,6180,43260,3
46,253,1358.2,500,5870,11740,46960,3
61,446,1232.79,1000,7050,14100,49350,1
37,169,936.19,1000,17370,5790,34740,3
46,255,1302.34,500,5260,10520,42080,3
39,209,1264.99,500,8400,4200,25200,1
37,210,1467.76,500,6330,6330,50640,1
33,174,1124.43,2000,8840,4420,30940,3
28,70,1319.81,1000,3520,3520,24640,4
32,89,1482.53,2000,10,20,70,1
61,458,1328.18,1000,6260,6260,43820,1
40,239,1463.95,500,6340,6340,57060,3
38,161,1133.85,2000,5040,15120,40320,3
61,446,1037.32,1000,6740,13480,60660,3
61,476,1562.8,1000,8980,4490,35920,1
29,70,1425.79,1000,11560,11560,46240,1
41,233,1615.14,2000,680,680,2380,1
33,122,1236.5,500,460,920,3680,1
48,335,1017.97,2000,3260,6520,26080,3
40,257,1306,2000,7700,3850,38500,3
27,85,1174.14,2000,10740,5370,42960,4
30,133,1231.01,1000,3160,3160,22120,3
34,119,1299.18,500,8280,8280,28980,1
34,169,1469.75,500,7740,3870,27090,1
39,225,1390.72,500,1060,530,4240,1
32,84,1694.09,500,4770,9540,42930,1
39,169,1140.15,2000,4200,8400,33600,3
32,124,1310.71,1000,5770,5770,46160,1
48,320,1730.49,2000,4680,9360,42120,3
47,297,1616.65,500,5550,5550,33300,3
56,421,1935.85,500,16860,8430,67440,1
33,136,855.14,1000,3070,6140,21490,1
24,46,1568.47,2000,11320,5660,39620,1
24,34,1550.53,2000,660,660,2640,1
30,95,1370.92,2000,3480,6960,24360,1
36,140,1363.59,500,7950,7950,63600,3
34,200,828.42,1000,5600,5600,44800,1
29,123,1209.63,500,16280,0,56980,1
46,267,1111.17,2000,900,450,3600,1
42,290,989.97,500,4800,9600,33600,1
37,45,1114.23,1000,10440,5220,36540,1
38,186,1347.31,2000,12300,12300,49200,3
34,135,1687.53,2000,15640,7820,54740,1
33,110,1183.48,1000,13800,9200,32200,1
43,259,1537.13,2000,6340,6340,44380,3
30,114,1173.25,1000,520,520,3640,1
56,404,1361.16,1000,5310,5310,42480,1
48,282,1422.56,2000,640,320,2560,1
25,57,1143.06,2000,14580,14580,43740,3
38,215,1405.71,500,7070,14140,49490,1
30,140,1354.2,500,5470,10940,43760,4
42,250,1055.6,500,13600,6800,54400,1
41,286,999.43,1000,820,410,2870,1
47,356,1155.97,2000,5590,11180,44720,1
29,65,1726.91,1000,720,1440,5040,1
34,187,1232.57,500,8200,4100,32800,3
53,386,1078.65,500,12120,6060,48480,1
41,197,1324.78,1000,15280,7640,53480,1
37,166,1518.54,500,10600,10600,37100,1
49,293,1239.06,2000,5210,10420,41680,1
32,179,1246.68,2000,5900,5900,41300,1
24,76,1622.67,1000,14940,7470,52290,3
28,105,1082.36,500,12100,6050,42350,3
26,97,1270.55,1000,7720,15440,61760,3
36,148,1236.32,1000,5550,11100,44400,1
26,77,785.82,2000,12560,6280,50240,3
46,295,1265.84,500,760,380,3420,1
28,126,1508.9,500,11300,11300,45200,4
32,132,1106.84,2000,1120,560,3920,1
55,370,1389.13,2000,900,1800,6300,1
43,257,974.84,1000,21330,7110,56880,1
24,9,1304.46,2000,540,1080,4320,1
34,185,1257.36,500,9340,4670,37360,3
43,234,1257.04,500,10320,5160,36120,1
44,253,719.52,2000,600,600,4200,1
39,233,1524.18,2000,5430,5430,38010,3
44,274,1395.58,500,860,860,3870,1
48,297,1243.68,1000,6870,0,48090,3
47,273,1189.04,1000,7960,3980,27860,3
37,147,1375.29,2000,6240,6240,43680,3
42,285,1389.13,500,5270,10540,36890,1
43,289,1387.51,1000,7620,7620,53340,3
60,427,1178.61,1000,12980,19470,58410,1
53,380,1166.62,2000,570,570,4560,1
21,13,1556.31,1000,8630,8630,77670,3
43,282,1452.27,500,4680,9360,32760,1
47,312,1212.07,1000,7040,7040,42240,3
46,266,1578.54,2000,7590,15180,60720,1
36,30,1488.26,500,5790,5790,46320,3
36,198,1096.39,1000,5490,5490,38430,3
45,290,1215.36,2000,6620,6620,52960,3
46,260,1482.57,2000,10680,10680,42720,1
43,233,954.18,1000,8500,4250,29750,3
30,130,1193.4,2000,8900,4450,35600,3
42,230,1023.11,1000,10700,10700,37450,3
40,212,1524.45,1000,8240,8240,65920,3
44,299,1653.32,1000,6780,6780,40680,1
26,91,1022.46,1000,7420,7420,59360,3
53,398,1396.43,2000,5270,5270,36890,1
43,218,1521.55,500,13640,6820,47740,1
33,152,1034.27,1000,7100,7100,49700,1
39,212,1255.35,1000,11860,5930,41510,2
44,242,1396.89,2000,6690,13380,46830,3
27,80,795.31,500,3710,7420,29680,3
43,260,982.22,500,15080,7540,52780,1
34,133,1074.07,500,420,840,2940,1
45,290,1311.3,1000,5850,5850,40950,3
49,322,1277.12,2000,7680,7680,26880,1
39,228,1388.62,500,6610,6610,46270,1
37,195,1406.52,1000,4420,4420,35360,1
39,247,1558.29,500,770,1540,5390,1
57,405,1132.47,1000,10240,10240,40960,3
37,144,1896.91,2000,5440,10880,38080,3
47,338,1143.46,500,9760,9760,39040,1
34,121,1285.42,500,6730,6730,53840,1
55,398,1305.26,2000,3340,6680,26720,1
30,9,1073.83,1000,15580,15580,54530,1
31,115,1051.67,1000,0,4270,29890,3
48,280,1387.35,1000,10220,10220,40880,1
45,254,1083.64,500,13280,13280,53120,3
30,141,1851.78,1000,6860,6860,48020,1
55,441,1270.29,500,640,640,5120,1
55,381,1459.99,500,12120,6060,42420,1
38,191,1253.44,2000,10240,5120,40960,3
34,145,1142.48,1000,9500,4750,38000,1
60,479,1188.45,1000,5390,10780,37730,2
35,215,1125.4,1000,220,440,1980,1
33,41,1294.41,500,1380,1380,6210,1
31,45,1459.5,500,1000,1000,4000,1
38,156,1367.99,500,11040,5520,38640,3
45,246,1594.37,500,660,1320,5280,1
39,178,1035.99,500,11760,11760,41160,3
43,237,911.53,500,0,11840,47360,1
34,127,1319.97,500,470,940,3290,1
33,1,1391.63,2000,6940,6940,55520,1
21,5,915.41,500,4050,4050,32400,1
28,64,1468.82,1000,5000,10000,45000,3
30,142,1412.76,500,11220,11220,44880,1
27,97,1588.26,500,8410,8410,58870,3
31,121,1140.91,1000,6430,6430,51440,3
43,225,1517.54,1000,6440,6440,51520,3
53,425,912.29,2000,16180,16180,64720,3
44,285,1144.3,2000,500,500,4500,1
38,192,1281.43,1000,3070,6140,21490,3
48,285,1101.85,2000,3720,3720,26040,1
26,98,1082.1,2000,14540,7270,43620,2
36,175,1185.44,500,3880,7760,31040,3
45,259,1175.07,2000,7980,7980,71820,1
36,140,979.26,2000,14560,14560,43680,4
37,231,920.81,500,0,7910,63280,1
38,186,922.85,500,400,400,2800,1
41,229,1107.59,2000,10440,10440,41760,1
36,180,1272.46,500,12660,6330,50640,3
33,188,1340.24,1000,13820,6910,55280,3
40,214,1648,1000,8040,4020,32160,1
38,178,1381.14,500,5200,10400,41600,3
35,55,1198.44,500,560,560,1960,1
31,90,951.27,2000,13780,6890,55120,1
30,135,1341.24,2000,5940,2970,23760,3
46,277,1177.57,2000,430,860,2580,1
38,211,1055.09,1000,8320,16640,66560,1
32,156,1479.48,500,6790,13580,54320,1
30,84,1827.38,2000,420,840,3360,1
32,136,1169.62,500,10000,10000,35000,1
48,310,1516.34,500,13200,6600,39600,4
34,123,1270.21,2000,6140,0,49120,3
44,243,809.11,500,5140,10280,35980,3
37,36,1115.81,1000,5420,10840,32520,3
31,146,1457.65,1000,5820,5820,40740,3
34,154,1041.36,1000,13520,13520,47320,4
40,204,1693.83,1000,5340,5340,42720,1
59,458,1685.69,1000,14360,14360,43080,1
31,147,1054.92,500,8530,0,59710,1
45,279,1333.97,2000,11100,11100,38850,3
47,308,1013.61,1000,860,860,3870,1
48,284,958.3,500,8520,8520,29820,3
31,108,1112.04,2000,780,780,2730,1
57,421,1206.26,2000,15700,7850,54950,3
42,266,763.67,1000,7870,7870,55090,1
56,412,1042.56,500,15120,7560,45360,3
32,31,1263.48,2000,5300,10600,47700,1
63,465,1006.99,500,4840,4840,33880,1
31,126,1328.26,1000,13520,6760,40560,1
55,407,1250.08,1000,11360,11360,45440,3
27,101,982.7,500,940,470,3760,1
37,187,1412.06,1000,5770,5770,46160,1
46,252,1066.7,2000,14920,14920,59680,3
43,229,1585.54,2000,420,840,3360,1
39,246,1416.08,1000,5020,5020,35140,1
38,190,1246.03,500,9020,4510,31570,1
32,95,1356.64,2000,15120,15120,52920,3
42,205,1387.7,2000,15660,15660,54810,1
25,41,1004.14,1000,9600,4800,33600,3
35,137,1107.07,500,600,600,2100,1
34,194,1429.96,500,11440,5720,40040,3
35,128,1074.99,1000,1380,690,5520,1
37,150,1007,1000,12320,12320,55440,1
30,104,1052.85,500,960,480,3360,1
37,163,1200.33,1000,390,780,2730,1
26,80,1343,1000,9040,9040,72320,1
29,65,1441.6,2000,6290,12580,44030,3
32,179,1433.42,1000,5420,10840,37940,1
50,372,1368.57,2000,5180,10360,36260,3
55,398,862.19,500,600,1200,4800,1
35,213,871.46,500,13480,6740,53920,1
25,79,1863.04,500,13560,6780,47460,1
44,232,1181.64,2000,5540,11080,38780,1
37,230,1060.74,1000,9820,4910,34370,1
41,234,951.56,500,15120,7560,75600,3
40,240,1533.71,500,6050,12100,48400,2
33,143,1200.09,1000,14080,7040,49280,3
42,266,1093.83,500,4440,8880,39960,3
32,89,988.93,1000,15380,15380,53830,1
37,229,1331.94,1000,9920,9920,34720,1
40,245,1361.45,1000,7470,7470,67230,1
44,50,1188.51,2000,6110,12220,42770,3
43,230,1101.83,2000,5190,10380,36330,3
39,17,840.95,1000,430,430,2580,1
36,163,1503.21,1000,5710,11420,34260,1
32,29,1722.5,1000,7690,7690,61520,1
42,232,944.03,500,15400,7700,53900,1
39,235,1453.61,2000,9280,9280,41760,1
46,295,1672.88,500,12140,6070,42490,1
21,22,1248.05,1000,5920,0,47360,3
43,286,1564.43,500,3810,3810,26670,1
44,257,1280.88,1000,0,5220,41760,1
26,94,722.66,500,3670,7340,25690,3
28,124,1235.14,1000,6020,6020,48160,3
30,141,1347.04,1000,540,1080,4860,1
38,3,1310.8,1000,17440,8720,61040,1
41,285,1436.79,1000,18080,18080,72320,1
34,130,1383.49,500,7500,7500,52500,3
62,458,1356.92,2000,5220,5220,36540,1
60,456,766.19,1000,460,920,3680,1
